member_casual,ride_count,ride_share
casual,2311814,0.3966421336122405
member,3516649,0.6033578663877596
