member_casual,avg_ride_length_min,median_ride_length_min_approx,ride_count
casual,28.211663157157105,14.116666666666667,2311814
member,12.470790592597288,9.933333333333334,3516649
